<?xml version="1.0"?>

<valgrindoutput>

<protocolversion>4</protocolversion>
<protocoltool>memcheck</protocoltool>

<preamble>
  <line>Memcheck, a memory error detector</line>
  <line>Copyright (C) 2002-2024, and GNU GPL'd, by Julian Seward et al.</line>
  <line>Using Valgrind-3.23.0 and LibVEX; rerun with -h for copyright info</line>
  <line>Command: /home/wittmann/Programing/prog2/Nagy H__zi Feladat/H__zi Feladat/bin/Debug/H__zi Feladat allomasok.csv vonatok.csv</line>
</preamble>

<pid>138711</pid>
<ppid>134517</ppid>
<tool>memcheck</tool>

<args>
  <vargv>
    <exe>/usr/bin/valgrind</exe>
    <arg>--leak-check=full</arg>
    <arg>--track-origins=yes</arg>
    <arg>--xml=yes</arg>
    <arg>--xml-file=/home/wittmann/Programing/prog2/Nagy Házi Feladat/Házi Feladat/ValgrindOut.xml</arg>
  </vargv>
  <argv>
    <exe>/home/wittmann/Programing/prog2/Nagy Házi Feladat/Házi Feladat/bin/Debug/Házi Feladat</exe>
    <arg>allomasok.csv</arg>
    <arg>vonatok.csv</arg>
  </argv>
</args>

